{
  "model_name": "AdaBoost",
  "features": [
    "age",
    "living_alone",
    "depression",
    "cardiac_function",
    "cerebrovascular_disease",
    "diabetes",
    "tc",
    "ldl_c",
    "hemoglobin",
    "adl_score"
  ],
  "continuous_features": [
    "age",
    "tc",
    "ldl_c",
    "hemoglobin",
    "adl_score"
  ],
  "metrics": {
    "test_auc": 0.9244222222222224,
    "accuracy": 0.85,
    "precision": 0.8620689655172413,
    "recall": 0.8333333333333334,
    "f1_score": 0.847457627118644,
    "cv_auc_mean": 0.9216920132135469,
    "cv_auc_std": 0.029285554919958504,
    "confusion_matrix": [
      [
        260,
        40
      ],
      [
        50,
        250
      ]
    ]
  },
  "version": "1.0.0",
  "trained_date": "2025-10-22T21:54:52.006018"
}